,nn,nl,sw,uw,E_U,E_V,E_P,Avg
0,20,4,1,1,4.268096562818622,11.09017563440927,21.620364274535888,12.326212157254593
1,20,4,1,5,4.353590073440398,8.515623680446284,21.704945308131453,11.52471968733938
2,20,4,1,10,4.354373454015607,8.561758390704421,21.40063623234154,11.438922692353856
3,20,4,5,1,5.935140877176447,12.363653949800678,21.66927960367783,13.322691476884984
4,20,4,5,5,4.5930177331404645,9.669231639396276,24.943823223450522,13.068690865329089
5,20,4,5,10,4.269446502367188,9.584443899477646,20.546231914806505,11.46670743888378
6,20,4,10,1,5.541127579653574,13.479576019208649,18.93285810148325,12.651187233448491
7,20,4,10,5,4.896532993414156,10.963515519049416,18.62095284745175,11.493667119971775
8,20,4,10,10,4.521976066367025,8.814478298719324,23.450591618060674,12.262348661049009
