,nn,nl,sw,uw,E_U,E_V,E_P
0,20,4,1,10,12.249845005439912,38.148385924631256,54.392771627519224
1,60,4,1,10,8.767245081537963,23.83009059956792,31.955566773729963
2,100,4,1,10,10.564173246810524,26.464561088598092,56.4981215550922
3,20,6,1,10,11.765572259607099,39.23422695935019,51.291680209422736
4,60,6,1,10,11.69871854187365,38.67240028623001,55.33632235786189
5,100,6,1,10,11.624632390602995,44.84150176168759,55.82702517377702
6,20,10,1,10,20.746497110973877,88.86001842972908,118.10096596453181
7,60,10,1,10,10.782899082436277,26.921623110457148,50.255937181069996
8,100,10,1,10,10.826369980739525,27.718594118106274,39.273685353760754
